x,y,head,pressure,v_x,v_y,v_mag,q,phi
21.25,10.0,12.539805727279706,158.48387738225367,7.789756935850005,-2.223921817670246,8.100996319634579,8.526512829121202e-14,-39.645436002141935
20.0,10.0,13.0,187.2,5.121189516033691,-6.129690775714335,7.98747088038578,13.850523434447695,-39.64543600214185
20.622806476244,8.9415134676668,12.619102301161933,229.48154321009628,5.977399723824206,-3.8246244967726644,7.096270851629555,0.0,-32.316923926957905
21.838721587681,8.9300219663932,12.376526000085919,215.06185170242566,5.55227361872332,-1.3019411222864221,5.70287585548479,5.684341886080802e-14,-33.875190061523455
22.5,10.0,12.275148008850392,141.96923575226447,5.53020018034232,-0.6361829131468482,5.5666725010223335,-2.842170943040401e-14,-39.645436002141906
18.823529411765,10.0,13.0,187.2,0.5562304424095076,-4.874678578741238,4.906310584451598,5.724463584766852,-25.794912567694155
19.420052802242,8.9634863199119,12.798300669605428,239.2924154208762,2.505434936195624,-5.044771916607941,5.632666145805708,-2.5579538487363607e-13,-27.832847130823275
20.017408700727,7.9057866916601,12.588310972059778,292.18951509693994,3.660090092053153,-3.1065013584206347,4.800688510184233,-2.842170943040401e-14,-25.340776639345737
21.219396196811,7.8732013864624,12.418086688594544,283.6008428530458,4.56792152996399,-2.1706606146831406,5.057437553548748,-2.842170943040401e-14,-27.818692487128885
22.423554561942,7.8643491849113,12.231880553639513,272.5339574086405,4.593137740398794,-1.2554135066553045,4.761614996507835,8.526512829121202e-14,-29.31145658559589
23.060336710568,8.9292696223202,12.164798816118495,201.89702169301356,4.86047153771741,-0.6273072712387504,4.90078544536588,-8.526512829121202e-14,-34.654235264443145
23.75,10.0,12.065167965153215,128.8664810255606,4.6866122000468335,-0.3053204555008162,4.696547082077965,4.263256414560601e-14,-39.64543600214195
17.647058823529,10.0,13.0,187.2,0.2932317394274642,-3.402961699634217,3.4155721602954103,4.009242714897283,-20.070448982927303
18.228997773263,8.9758840534109,12.866566429463058,242.77858026565468,1.1586030051299476,-3.682246610328319,3.8602203334486678,-5.684341886080802e-14,-21.788960006548933
18.823320933721,7.9385614528141,12.710655206539055,297.7786502324372,2.3027429887760196,-3.212590678704911,3.9526401482121787,-2.8421709430404007e-13,-21.727122047499677
19.412614475341,6.8637754244671,12.558684620571672,355.36233383692525,2.8847034409733383,-2.3391436539474735,3.7139072384977734,-5.400124791776761e-13,-19.948487119343103
20.604839490262,6.8250360467336,12.426033368362148,349.5022328696214,3.614208031566367,-2.0268677151943266,4.1437534229652115,-3.694822225952521e-13,-22.25534174950987
21.799596153796,6.8015164012079,12.271413444470193,341.3215754995671,4.029002294992725,-1.5097759340326367,4.302590250539873,2.842170943040401e-14,-23.994094427138126
22.993272850927,6.7973033044536,12.107835667627082,331.37721946202527,4.143350244881549,-1.0697538402552518,4.279220084372951,8.526512829121202e-14,-25.282009228132875
23.628470373038,7.8657751064673,12.051220256023004,261.17177733227595,4.38509946164087,-0.8064608803345822,4.458640649345165,3.410605131648481e-13,-30.305447460019554
24.281796759841,8.9304172686236,11.976992206587134,190.10627612892452,4.381853801633549,-0.40748469083201067,4.400759765330624,-1.1368683772161603e-13,-35.16155396104081
25.0,10.0,11.881523311372906,117.40705462966932,4.176377140769824,-0.22479369257540224,4.182422530802742,-4.263256414560601e-14,-39.645436002141906
16.470588235294,10.0,13.0,187.2,0.18613904787523927,-2.5716225894216715,2.57835034228627,3.0315056881017597,-16.06120626803002
17.045740755312,8.9780186582144,12.901505833834037,244.82559975866528,0.6823408127020244,-2.800749936714556,2.882670496724426,-1.7053025658242404e-13,-17.43261744604936
17.63429270588,7.950138929175,12.784917715758732,301.6901962828249,1.4709406620546677,-2.7152467196468066,3.088078881738381,2.842170943040401e-14,-17.914114622512294
18.223986337772,6.890318386324,12.659730637280553,360.0113244596889,2.125491146771806,-2.293338528720305,3.1268377352076238,-2.2737367544323206e-13,-17.21343012336287
18.83456358019,5.6800323046516,12.530736132515797,427.4839188587259,2.5322486472533803,-1.7149829157872565,3.058340990301561,-8.526512829121202e-14,-15.238514850135608
20.01918795268,5.6525238543487,12.41887259231699,422.22016124922135,3.0642711843623993,-1.6159057290664445,3.464232846756046,-9.947598300641403e-14,-17.09667797058856
21.205419937702,5.6264243703763,12.28781411463206,415.6707200415594,3.4991449875088105,-1.3758575301609752,3.7599201569858756,-1.4210854715202004e-13,-18.670768590857868
22.391305329541,5.6148516448523,12.143445642702543,407.38426546585515,3.7775548263450305,-1.0930379483624233,3.932512227902536,3.268496584496461e-13,-19.962505445626974
23.573322096834,5.615903473404,11.991572445049377,397.8417438306715,3.929644487067124,-0.8614892542913903,4.022967751548175,5.684341886080802e-14,-21.029947762535066
24.182281804987,6.8045273640191,11.943735416149485,320.68658245293597,4.128754826952588,-0.8167805821377251,4.208770240871024,8.526512829121202e-14,-26.30790553703295
24.829064373574,7.8716504238492,11.880204908215727,250.1337998244713,4.163091435104828,-0.6409621277041676,4.212144672989549,-1.9895196601282805e-13,-31.103040990752838
25.498519428631,8.9341380529396,11.807069025203086,179.2708926692415,3.9933779088378194,-0.375030644997461,4.0109494022589125,1.1368683772161603e-13,-35.61983850917938
26.25,10.0,11.717708705660792,107.18502323323342,3.7032043231715908,-0.2518018163326499,3.7117551662071113,-9.947598300641403e-14,-39.64543600214181
15.294117647059,10.0,13.0,187.2,0.13088943645069104,-2.0222004911298543,2.026432054350751,2.3841909640007373,-13.02970057992826
15.866346471344,8.9787905051097,12.923525268492773,246.15144923510374,0.4606451470613901,-2.199901140507818,2.2476118391570212,3.979039320256561e-13,-14.131660568421745
16.448567407128,7.9528117559768,12.833249186847747,304.5392956863471,1.0109165670558442,-2.219567199558304,2.438940519755057,-1.9895196601282805e-13,-14.693518745425095
17.036884627105,6.9005657420692,12.73265709190734,363.9225002298999,1.56041167094842,-2.0321098408207483,2.5620997224918014,-1.9895196601282805e-13,-14.490309572344362
17.651420188556,5.6956476388802,12.621030855310648,432.14391270525994,2.020762331517728,-1.6558271934253135,2.6125168123799156,-2.5579538487363607e-13,-13.227220362561791
18.400391485051,4.3383014493965,12.501409417681494,509.3779372209836,2.3718744922295816,-1.2136466694156223,2.6643436049190368,-3.410605131648481e-13,-11.026051739982787
19.583582402516,4.3280770889619,12.399680680455232,503.6680641091839,2.7812473840182843,-1.1831834652248414,3.022459284008639,2.2737367544323206e-13,-12.395483388395693
20.767440886054,4.315453509536,12.28233659787665,497.13350471245656,3.158466902390593,-1.0748105919217155,3.3363349625006085,-3.552713678800501e-14,-13.632367602171769
21.951142143348,4.3065537162331,12.151761417568462,489.5409605633266,3.463910266679001,-0.9189627716152016,3.5837364455577476,-6.394884621840902e-14,-14.703358002250567
23.132725110982,4.3033568901744,12.011157676287759,480.96676905347357,3.6907581294231853,-0.7589979131051958,3.7679932858222256,-2.1316282072803006e-13,-15.6163903520312
24.310588352396,4.3043415889431,11.863290680206902,471.67842329486126,3.8615097412404427,-0.6254670137451753,3.9118367127192486,-5.684341886080802e-14,-16.40424644786646
24.746302710827,5.6284070513655,11.83639015304069,387.37814554453183,4.023623760375131,-0.7207117024332003,4.087661131145715,-1.7053025658242404e-13,-21.979953643623748
25.361772538847,6.8221753162963,11.782464256173126,309.52202984831393,4.0913369993919835,-0.7389168758238256,4.1575277018885926,-3.410605131648481e-13,-27.27065664234429
26.027965566492,7.8866208090726,11.718228201025887,239.09230125788514,3.9544187905193433,-0.6899190784126117,4.0141520032966085,0.0,-31.957688346917323
26.708331504724,8.9233394800276,11.653928698261367,170.38876721778706,3.577581398937554,-0.5036492535567905,3.612859149846877,-6.821210263296962e-13,-36.12686637120866
27.5,10.0,11.576790207748608,98.39170896351317,3.0443512338896497,-0.4006571943748726,3.0706026481278523,-9.947598300641403e-14,-39.64543600214171
14.117647058824,10.0,13.0,187.2,0.09763495692004821,-1.6263890939979353,1.6293170562810064,1.9175288957268037,-10.645509615927523
14.687881400252,8.9788454009384,12.93895383972528,247.11076658030123,0.3355064089595184,-1.765054155348471,1.7966582095005763,1.4210854715202004e-13,-11.539577458969925
15.265358469986,7.9545009824786,12.867349156845542,306.5617260804972,0.7374242479931987,-1.812166117215866,1.9564612334297766,1.1368683772161603e-13,-12.066609767176491
15.852885815876,6.9053202050761,12.786223826915704,366.96838600279125,1.1722597388749783,-1.7316072564305476,2.091089808188582,-5.684341886080802e-14,-12.075735158048127
16.468962463796,5.7015927890447,12.692229280152505,436.21571704512706,1.5988339484889387,-1.4997904904535544,2.1921773445813284,-2.8421709430404007e-13,-11.26580287535866
17.217633306655,4.3433707549511,12.587100534524692,514.4087382453921,1.9797871565768599,-1.1679220009959246,2.298608053965924,3.979039320256561e-13,-9.609631292841225
18.191196829711,3.1251195055148,12.477223428316403,583.57128478282,2.3067616892843983,-0.8270432129568729,2.45054074996688,3.126388037344441e-13,-7.75017708199691
19.377968911936,3.1233836282763,12.378825920766998,577.5395990514196,2.653776882891766,-0.8180066843754984,2.7769887792091876,1.4210854715202004e-13,-8.713952749016396
20.564701507268,3.120998629791,12.266963811344471,570.7082273289366,2.9854850488444478,-0.765233225561745,3.0819965714415334,-1.7053025658242404e-13,-9.612982107605516
21.75091261289,3.1186448340464,12.142854377570425,563.1106755158992,3.2780514722536434,-0.6794459108781373,3.3477258251764437,-2.5579538487363607e-13,-10.412996245218828
22.935410221954,3.1166440782279,12.008455422989924,554.8490279131503,3.520716519234471,-0.5792213447891966,3.5680445870350184,1.8474111129762605e-13,-11.10344448667349
24.11672946371,3.1148657196672,11.86584958502285,546.0613931981925,3.717891787462699,-0.4801900404213675,3.7487733751458565,2.2737367544323206e-13,-11.692702935018133
25.293891952603,3.112460288767,11.716651586920205,536.90153700476,3.8837648669981504,-0.38562337281898745,3.902862401852447,2.8421709430404007e-13,-12.193243983751875
25.488006931291,4.3020173888941,11.709042966898917,462.19839606750054,4.015702236812345,-0.5226884744596062,4.049576236604588,-1.7053025658242404e-13,-17.089940897152207
25.885589107618,5.6038544487261,11.681172673370417,379.2246572178054,4.1217789736182935,-0.6701453310333189,4.175901899238969,1.7053025658242404e-13,-22.71838170035827
26.497849820235,6.7895426179488,11.626605194649189,301.8327047861043,4.112911818824014,-0.829493040211573,4.195724291845414,1.1368683772161603e-13,-28.093456874292627
27.249423606272,7.7537351889903,11.557687862711678,237.36664684021397,3.82520715176776,-1.0741037791094439,3.973148459626497,5.684341886080802e-14,-32.610670448101075
27.864608997113,8.9402481496959,11.526572471839135,161.3866377017378,2.9300568263284834,-0.849558718312652,3.0507348330156754,-2.842170943040401e-14,-37.00046878617799
28.75,10.0,11.475016560929708,92.04103340201378,1.7169479337108677,-0.7640106307017279,1.879261144944808,-5.684341886080802e-14,-39.64543600214165
12.941176470588,10.0,13.0,187.2,0.07534801198402705,-1.3269424628274171,1.329079991033059,1.5644029017530272,-8.72798072020072
13.510834467066,8.9787484070204,12.950440662768868,247.83359675870443,0.2553966029706754,-1.4365708152437324,1.4590966835748078,1.7053025658242404e-13,-9.46136337289606
14.083191604091,7.9530038954263,12.892556732261255,308.2280970185012,0.5602512942581768,-1.4868111591623494,1.5888640394091784,-8.526512829121202e-14,-9.921418122605614
14.670798063863,6.9059023429674,12.826639560580295,369.45400237904465,0.902476887549764,-1.4546892693822946,1.7118952663692668,3.694822225952521e-13,-10.017234704740542
15.286711509442,5.7056539234809,12.748499344589677,439.47355427718765,1.2696970574851778,-1.3113801471532298,1.8253351769289237,-2.842170943040401e-14,-9.487497210500088
16.035532751142,4.3452313176912,12.658095151179158,518.7227032096486,1.634487654785467,-1.0716305829041726,1.9544671907866944,5.684341886080802e-14,-8.242780529159068
17.004476693187,3.1259619248847,12.562002255078212,588.8089166040751,1.9703725548862625,-0.7950614460381633,2.1247330910082125,1.7053025658242404e-13,-6.772554275510227
17.950006419782,2.0663205564118,12.471965198144314,649.3122256441089,2.239332040433753,-0.5221865083119133,2.2994100845165013,2.842170943040401e-14,-4.991779139382704
19.137775317459,2.0659218813615,12.376390944219477,643.3732695223376,2.5557108611317747,-0.522500785167789,2.608575296250402,-2.2737367544323206e-13,-5.617444512420878
20.325192055863,2.0653281624922,12.268445479935536,636.6745206084641,2.8635612112840576,-0.4978520705216802,2.906516728817046,2.842170943040401e-14,-6.2113996983879245
21.512048530484,2.0646206368184,12.148887736790838,629.2582670382801,3.1461108612755706,-0.45203458068679153,3.1784192318781357,-4.263256414560601e-13,-6.750748629659375
22.697967991612,2.0637992100781,12.019038195752866,621.2069127061054,3.3925116516695653,-0.3933737448828654,3.415242042648944,1.7053025658242404e-13,-7.224028390129905
23.882442361822,2.0628298598126,11.880478578971795,612.6212800755337,3.5999734105322054,-0.3298719053513847,3.615055190516326,3.126388037344441e-13,-7.630383023601951
25.064839072643,2.0616386005789,11.734774063118216,603.6036528624534,3.771323216272409,-0.2638834816312428,3.780544047286461,-1.9895196601282805e-13,-7.97246689227298
26.244889337039,2.059477854225,11.583311958239506,594.2872480905052,3.908777774539134,-0.18857354084932107,3.9133238648289197,-3.979039320256561e-13,-8.242235743032596
26.463504725948,3.1102811030049,11.562228530259704,527.4015194606998,4.03261098255435,-0.2786133332631064,4.0422242300607145,-3.410605131648481e-13,-12.609673748595663
26.717631904472,4.2855536190966,11.540696116870638,452.7208918611,4.219707514977974,-0.41680056955001354,4.240242236799544,-3.126388037344441e-13,-17.68968345143995
26.888705018442,5.582868587942,11.54041330683117,371.75079045868415,4.287415505012173,-0.6880568853873296,4.342275208936865,1.7053025658242404e-13,-23.415322712475987
27.551470886109,6.3863629244984,11.465864576960021,316.9609031136052,4.387532577006362,-0.9405182532764967,4.48720588997634,-1.4210854715202004e-13,-27.61356835122902
28.349014978873,6.9501283280071,11.371914464764444,275.91945493365824,4.559906246411577,-1.7012241324722108,4.8669198190404925,-1.9895196601282805e-13,-31.331414262178395
28.25922808388,7.9806830661238,11.445851108931471,216.2264858711987,3.3177389174777416,-1.757491719814399,3.754486472177327,2.2737367544323206e-13,-34.831236697294436
28.972457864416,8.6791172054237,11.425412619593166,171.3688338441747,1.9878202048438112,-1.8916279265269662,2.7440272191073474,1.4210854715202004e-14,-37.74959051287391
30.0,9.0,11.40679142633987,150.1837850036079,1.0877027795432228,-1.52298012363371,1.871514304943834,-5.684341886080802e-14,-39.64543600214165
30.0,10.0,11.433415869106637,89.44515023225418,0.9984166037537012,-0.7987332830030169,1.2785971109101775,5.684341886080802e-14,-39.64543600214171
11.764705882353,10.0,13.0,187.2,0.05935459156876858,-1.093776504514692,1.095385781069242,1.2895102000573502,-7.163577818447692
12.333488989531,8.9788548810143,12.959316446354205,248.38080167721006,0.19953258800679288,-1.181154787723371,1.197889763809062,-5.684341886080802e-14,-7.768871867777284
12.901466582038,7.9537371593311,12.91206948607291,309.39993718868897,0.4371869936657922,-1.22691468867626,1.3024792208400477,-3.410605131648481e-13,-8.162861634372526
13.480343302326,6.90293408016,12.858084714594005,371.60139958868194,0.7098007843980306,-1.2152325105307022,1.407340473440174,-8.526512829121202e-14,-8.274215486017845
14.103090220666,5.7093178436667,12.79332503338946,442.0420486387002,1.016460676256384,-1.1241825189753643,1.5155786493433392,-1.4210854715202004e-13,-7.9319114390509355
14.855004886083,4.3452559394546,12.7164296484428,522.3612394408635,1.343326817860569,-0.9522701745547083,1.6466163563288982,5.684341886080802e-14,-6.9887618671379235
15.818112154007,3.1263305240118,12.633927049347609,593.2740231809544,1.6625087228181459,-0.7341657616146305,1.817397760253273,-1.1368683772161603e-13,-5.831461431911853
16.762010066895,2.066553884625,12.555116244814627,654.4862912758327,1.9316482478752197,-0.4993388394390772,1.9951451651676304,-1.4210854715202004e-13,-4.363823877568324
17.375499981237,1.0316578953006,12.50040311082321,715.6497014486108,2.111279831180837,-0.2551314869452653,2.1266392738736597,1.1368683772161603e-13,-2.341845202330051
18.562764372746,1.0315429394704,12.410710577245696,710.0600605971784,2.4112279495686226,-0.2591300367255814,2.425112080031417,-3.410605131648481e-13,-2.651316549577712
19.749836294945,1.0313844831402,12.309161884771829,703.7333098618136,2.7094047542681197,-0.25160586746485164,2.721062225490889,1.9895196601282805e-13,-2.952545170704389
20.936642161367,1.0311758414113,12.196124541668873,696.6927988960724,2.991932499584235,-0.23326300951538737,3.001011781662402,-2.842170943040401e-14,-3.2332542151479706
22.123051527056,1.030915147972,12.072480122906104,688.9936544358881,3.2474371729208484,-0.20707174966278674,3.2540324063500905,-2.5579538487363607e-13,-3.485143858309266
23.308890690525,1.0305889543502,11.939475414308816,680.7145151014176,3.469143985311249,-0.17658542013334108,3.4736353293667546,-5.684341886080802e-14,-3.7047119618503968
24.493967962863,1.0301721218104,11.798541463664526,671.9462469316974,3.6542362067690313,-0.1436012240370351,3.6570566807757645,-3.979039320256561e-13,-3.8912898565764005
25.678094188991,1.0294904683946,11.651196183449443,662.7944366194222,3.8003507553467037,-0.10623835746936656,3.8018354057299812,-5.684341886080802e-14,-4.042010741910411
26.860486589172,1.0274723986378,11.49920626567635,653.4361933032055,3.90024731389289,-0.058524036506191264,3.9006863719578484,1.1368683772161603e-13,-4.1426869897913825
27.418706105404,2.052656309625,11.428024148961704,585.0229531746103,4.004939704767206,-0.08746789514605598,4.005894740442154,3.410605131648481e-13,-8.396004221401967
27.642514283765,3.0687932190721,11.400700103295254,519.9109895755248,4.160643194916194,-0.12275183992124572,4.16245358047468,5.684341886080802e-14,-12.73322426172747
27.923337787681,3.9927190463308,11.365464194907016,460.0592972711559,4.389667983351608,-0.12341972199853697,4.391402672477255,-1.2789769243681803e-13,-16.879804625928692
27.769029809972,5.0072397734206,11.398928832360468,398.84139727784776,4.52791593276766,-0.5203892295751523,4.557721760317214,-2.2737367544323206e-13,-21.519128933398004
28.4495225958,5.7112932026874,11.305073741339674,349.05190561190193,4.960235992932487,-0.7326205348253186,5.014047661683191,-2.842170943040401e-14,-25.527449966472723
29.084811765721,6.1347944090103,11.205848489111473,316.43377459831316,5.776201498321392,-0.9364539302844406,5.851619409424665,0.0,-28.725374465586135
29.323125917467,6.7812733522026,11.189618059332167,275.08070972488497,6.584052033826487,-2.440208209283675,7.021706152267421,-1.7053025658242404e-13,-33.49046781555647
29.141871099514,7.6214220612797,11.317979881540982,230.66520798430395,3.9022868313491372,-3.560519411431002,5.282531684078938,7.105427357601002e-14,-35.99687394997497
30.0,8.0,11.313895550515737,206.78708235218195,2.08904191361848,-4.380108787815309,4.8527774634689,-1.1368683772161603e-13,-39.64543600214154
10.588235294118,10.0,13.0,187.2,0.04727029157691882,-0.9092667328512295,0.9104946303717095,1.0719291865577532,-5.874067618390342
11.156608108893,8.9785406756728,12.966290295253028,248.8355762618062,0.15821987210883479,-0.9792529918972822,0.991952594668674,2.8421709430404007e-13,-6.377248686332054
11.72115003902,7.9525356965612,12.927327041311226,310.42697991240163,0.3463717845360285,-1.018635146121547,1.0759140179571685,1.1368683772161603e-13,-6.712301716823715
12.301843576042,6.898547870329,12.882664456722289,373.40887499094123,0.5650657327980226,-1.0163399861574687,1.1628612341311968,-2.2737367544323206e-13,-6.83269833274247
12.925831950964,5.6793202053479,12.82800516489971,446.077941476033,0.8202104919436394,-0.953521327013838,1.2577552115434296,8.526512829121202e-14,-6.572893355497801
13.674653779797,4.3370241005777,12.764080486024532,525.8483184518823,1.1023295625357334,-0.8284087888649462,1.3789095640791345,-2.8421709430404007e-13,-5.8645589983129724
14.633037677632,3.1251961693023,12.694242226768216,597.108473985873,1.3910198641740819,-0.6579214257195649,1.5387647204650055,-5.684341886080802e-14,-4.96071359482656
15.57401571686,2.0662408655741,12.626408596155063,658.9544663882521,1.645550093744344,-0.4605272518184664,1.7087774754746412,3.979039320256561e-13,-3.760387240856925
16.188107532409,1.0316069821656,12.578415691318098,720.5208634511158,1.82257240544172,-0.24136483629818353,1.8384850168763591,-8.526512829121202e-14,-2.0372267103326327
16.666666666667,0.0,12.544097675186073,782.7516949316109,1.957798517845218,-0.1366599554282794,1.9625623505750311,-7.105427357601002e-14,7.73070496506989e-12
17.857142857143,0.0,12.461033521210434,777.568491723531,2.2492510123261753,-0.14148704302966086,2.253696674309922,4.263256414560601e-14,7.65965069149388e-12
19.047619047619,0.0,12.366264534830268,771.6549069734087,2.5455392148714413,-0.14052966449271095,2.5494153214120976,-5.684341886080802e-14,7.702283255639486e-12
20.238095238095,0.0,12.259832593492057,765.0135538339043,2.833866908817381,-0.13350910275673744,2.83701010527088,-3.126388037344441e-13,7.645439836778678e-12
21.428571428571,0.0,12.142285776507277,757.6786324540541,3.1020766613614525,-0.12138647647586753,3.1044507226938944,-2.842170943040401e-14,7.332801033044234e-12
22.619047619048,0.0,12.014605352916849,749.7113740220113,3.3410512051910506,-0.10586587141959641,3.3427280383602853,-4.263256414560601e-14,7.30437932361383e-12
23.809523809524,0.0,11.878065674103766,741.191298064075,3.545355192960858,-0.08832514073189772,3.5464552407636325,4.263256414560601e-14,7.261746759468224e-12
25.0,0.0,11.734114508344884,732.2087453207208,3.7113685312301286,-0.06868030367572858,3.7120039545666264,8.526512829121202e-14,7.30437932361383e-12
26.190476190476,0.0,11.58437054603715,722.8647220727181,3.8333246804082157,-0.04478968114104357,3.8335863393125065,-4.263256414560601e-14,7.389644451905042e-12
27.380952380952,0.0,11.430793475938826,713.2815128985827,3.899045892752024,-0.013368181516754308,3.8990688096087114,1.4210854715202004e-14,7.347011887759436e-12
28.042343232235,1.0266709006701,11.344566702360611,643.8366980254879,3.9370143607370145,0.006151538655870814,3.937019166587498,1.7053025658242404e-13,-4.181386034867418
28.591724205892,2.0559085177283,11.270416588673154,574.9853036269589,4.031873272232092,0.057838542774644154,4.032288107312002,-1.1368683772161603e-13,-8.43431685039683
28.923871520213,3.0676089644573,11.221121487117346,508.77918141398686,4.246644979319572,0.15559867047078044,4.249494620143953,-2.2737367544323206e-13,-12.771570315587374
28.855746917975,3.9275356163157,11.227840158022508,455.5390034025048,4.468040901349006,0.0907790258628537,4.468963003613282,-1.7053025658242404e-13,-16.710327265774584
28.888019131215,4.656142204545,11.221534244149506,409.6804632713212,4.743293649966376,-0.017946673858642823,4.74332760126411,-2.842170943040401e-14,-20.305782400129758
29.432197631037,5.3203996390838,11.12939076752911,362.4810464149873,5.4580037126140395,0.15190827122648967,5.460117274361024,2.8421709430404007e-13,-23.991644673999545
30.024992862425,6.0495537157219,11.00135467966047,308.99238014976675,7.045502762355578,0.7686675240984393,7.08730971081155,-8.171241461241152e-14,-29.045137418238888
30.085633532134,6.6390221050842,10.973006214681927,270.4406084388982,11.84075111277016,0.49858465356676585,11.851243545355908,0.0,-34.73664729772059
30.0,7.0,11.062937331310255,253.52728947375994,10.743303009692404,-4.457534771895188,11.631344539679002,2.2737367544323206e-13,-39.645436002141764
9.4117647058824,10.0,13.0,187.2,0.03782824850005339,-0.7619959270763222,0.762934315171028,0.8983075758913799,-4.802138431832589
9.9794352993215,8.9785303543363,12.97185451197569,249.18342743669797,0.12642105288757086,-0.8180173395864361,0.8277286091934196,2.842170943040401e-14,-5.222739925358724
10.539849494571,7.9527225666124,12.939523504906083,311.1763785495258,0.2768562676997883,-0.8505581088075553,0.8944822465666616,-2.8421709430404007e-13,-5.507139446205854
11.119300911791,6.8999315669277,12.902542898915584,374.562947116044,0.4533261794543935,-0.8518504610431861,0.9649631251805457,-1.4210854715202004e-13,-5.625691959051994
11.74246475365,5.6842789714332,12.857174937730955,447.5887082969799,0.6639484213627991,-0.8064172401199706,1.0445746844495436,-2.842170943040401e-14,-5.444545984291042
12.485098375002,4.3276736887168,12.803451563386696,528.8885393794015,0.9045466819467637,-0.7107108331814981,1.1503541142719658,5.684341886080802e-14,-4.8814894068297905
13.445398303403,3.1242854184896,12.744659818202468,600.311362542083,1.1572279506137912,-0.5769115533724327,1.2930597318362322,-1.7053025658242404e-13,-4.179598768360322
14.385407949869,2.066298359193,12.686891676220602,662.7250229825223,1.3883106855215885,-0.4130703042588855,1.4484590556152948,1.9895196601282805e-13,-3.2030211421796193
15.000479311231,1.0316358781327,12.645394374995135,724.6985302042159,1.5548027524198256,-0.22100223166652497,1.5704310189670383,-3.694822225952521e-13,-1.749394695013956
15.47619047619,0.0,12.615889446363676,787.2315014530934,1.682051273541262,-0.12736298188375259,1.686866270922536,-1.8474111129762605e-13,7.915446076367516e-12
28.571428571429,0.0,11.275965554771819,703.6202506177615,3.8898693457743057,0.027275814593165925,3.8899649737827136,-1.4210854715202004e-14,7.361222742474638e-12
29.223077349529,1.0270098592657,11.190303414402441,634.1895178405326,3.8871418210149113,0.08795234835937904,3.8881367198524606,2.842170943040401e-14,-4.127808666185012
29.766578855259,2.0503466917056,11.11368804447337,565.5525004127088,3.950858929563902,0.2445059795563913,3.9584175443418865,-2.842170943040401e-14,-8.205435829200026
30.185645178266,3.0175069152233,11.045631264030472,500.9549593655675,4.08536684027388,0.5249022764028172,4.118949455793582,-1.7053025658242404e-13,-12.113965010196813
29.774346116832,3.8651197707132,11.090186410300262,450.8441583102327,4.466617395925023,0.3900853359231071,4.483618798569106,5.684341886080802e-14,-16.164855256197146
30.090129921015,4.547076102511,11.028460682397212,404.43839778489956,4.814582411219895,0.7194522969571446,4.868040201356691,-1.9895196601282805e-13,-19.372444831135898
30.447896232308,5.2802021438482,10.944465113274042,353.4500092921725,5.390536307939207,1.4124329763922405,5.572508286221843,-8.526512829121202e-14,-23.03490280094993
31.073636173576,6.0743876617176,10.76994219225018,293.0026027052331,5.42175809781958,2.952287627758347,6.173448234843084,-5.684341886080802e-14,-26.29621471442445
30.823942107992,6.6987152688339,10.746138524390586,252.55921114673723,6.9376931816480765,4.8102773630699796,8.442177147652712,-8.526512829121202e-14,-31.815614808267398
30.3,7.0,10.808761926401113,237.66674420742945,11.105155248520193,6.072617035889976,12.657059325069024,1.2789769243681803e-13,-39.64543600214189
8.2352941176471,10.0,13.0,187.2,0.030231856187738108,-0.644194873156054,0.6449038685952353,0.7594365682409148,-3.9038308559412087
8.8020482978642,8.9783734972878,12.97630436851192,249.4708863643851,0.10116645541349471,-0.6887826197922965,0.6961724994775863,6.252776074688882e-13,-4.257564133340903
9.3581615857408,7.9523460364705,12.949279598319283,311.80865425936406,0.2219612420152337,-0.7147656296542199,0.7484361684819477,0.0,-4.499900392750266
9.9359813600844,6.8992945361079,12.918471871746586,375.59666574385403,0.364785476939019,-0.7165671954142961,0.8040752388486649,4.263256414560601e-13,-4.612322588063054
10.559962651898,5.6839256264878,12.880634889890127,449.0746580363052,0.5379414141814938,-0.6820652583020759,0.868673691137393,1.1368683772161603e-13,-4.486750406584637
11.306034682507,4.3271615550726,12.83558660600608,530.9257231782492,0.7401775283491089,-0.6069854276077481,0.957232512402894,5.684341886080802e-14,-4.05234904415486
12.258139333956,3.120691035639,12.786427337779374,603.1419452535594,0.9579943206718123,-0.4992550924808405,1.0802817992577214,1.7053025658242404e-13,-3.4917141788534503
13.197146283548,2.0657612686918,12.73770527856202,665.9293062159018,1.1622095736011533,-0.3632158348203149,1.2176439691610978,-2.8421709430404007e-13,-2.701444791960859
13.812848919063,1.0314828490566,12.702268115854148,728.257000648167,1.3134718972110533,-0.19737678260066305,1.3282191156104453,1.1368683772161603e-13,-1.4856221392265478
14.285714285714,0.0,12.677202648921657,791.0574452927113,1.4293911694393575,-0.11534457246273466,1.4340374770792517,-7.105427357601002e-14,7.986500349943526e-12
29.761904761905,0.0,11.123249710427322,694.0907819306649,3.787123277322177,0.07412136760131198,3.787848557528476,-1.4210854715202004e-14,7.347011887759436e-12
30.404114941712,1.0254972101532,11.04006684112627,624.9091449727196,3.732278944968595,0.17619193270278322,3.7364354296850135,-2.2737367544323206e-13,-3.9486017878454263
30.938314424153,2.0447214298777,10.96339998179532,556.5255416396594,3.734060408961769,0.43561971821575635,3.7593844810918324,-1.9895196601282805e-13,-7.720763048979954
31.366297468181,3.0310523183375,10.889593141693979,490.37294737744423,3.766726998855878,0.8205927863859827,3.855075200949849,-2.5579538487363607e-13,-11.286547955996589
30.876378015704,3.8832905225345,10.92918961100218,439.66410312038323,4.220944193577556,0.9039310502754829,4.316649305763467,8.526512829121202e-14,-15.351716515446272
31.207788458258,4.6097078993243,10.852415704379707,389.54496703545743,4.420044863381035,1.466529566366704,4.656984599859525,1.1368683772161603e-13,-18.21067026318777
31.418241654252,5.4152313711295,10.771168379233588,334.2104693056951,4.588686142091338,2.2681056168963623,5.118627120626967,0.0,-21.61615640641728
32.254561338263,6.1194986757417,10.589129997468905,278.90499447577764,3.6636238156854213,3.0799302163938087,4.786241698944279,-1.9895196601282805e-13,-21.704430514052277
31.668455370202,6.8525777510501,10.57450967014457,232.24855175149494,4.055651857302876,4.624942143733432,6.151292695078479,4.263256414560601e-14,-27.017513237396958
31.108048606964,7.5579906643469,10.508173679148769,184.09142012363657,3.61111752045821,7.013791707015554,7.888817646261093,-1.7053025658242404e-13,-32.74412917852434
30.3,8.0,10.43669248199556,152.049610876523,1.7386065980071024,8.29050327350909,8.470843962126724,0.0,-39.64543600214189
7.0588235294118,10.0,13.0,187.2,0.023980048665415827,-0.5503482047373668,0.550870392371598,0.6487869517430056,-3.144394287700294
7.6240689723284,8.9781443837709,12.979860688857007,249.7070974373731,0.08060078977339136,-0.5853772881537108,0.5909002088324956,1.9895196601282805e-13,-3.443697039724379
8.175785910848,7.9519160342021,12.957099048828347,312.3234201126778,0.17752905671814181,-0.6053254389164316,0.6308212527955949,-2.842170943040401e-14,-3.6521087950769098
8.7517924314587,6.8985664618337,12.931289638924522,376.44192625046725,0.29314330373026115,-0.6060898231077526,0.6732591404479251,-5.684341886080802e-14,-3.7585709077412974
9.3770601353297,5.6837665456661,12.899637628374602,450.27035556101055,0.435153093770275,-0.5779448101947376,0.7234489744611385,8.526512829121202e-14,-3.6760122963628543
10.120506492629,4.3276878230547,12.86201842301987,532.5422294378266,0.603994782752014,-0.5169912457634197,0.7950406566884899,3.979039320256561e-13,-3.3405504248989413
11.069963388802,3.12154097151,12.821002838438346,605.2464204963287,0.7891552891736286,-0.42883229745114343,0.8981443145552609,-4.547473508864641e-13,-2.90007012248833
12.007561573453,2.0651590151697,12.780154277871004,668.6157043925614,0.9664582786711966,-0.3151133414667158,1.0165323518621585,2.842170943040401e-14,-2.2594413535948386
12.624975271549,1.0314580857956,12.750140151135225,731.2457608771925,1.100493826473054,-0.17313468770489607,1.1140297492401072,-5.684341886080802e-14,-1.250199803905762
13.095238095238,0.0,12.729044680165476,794.2923880423257,1.2035499413433648,-0.10222895626064409,1.2078837778552032,-2.842170943040401e-14,8.01492205937393e-12
30.952380952381,0.0,10.976556989413243,684.9371561393864,3.5846082884607,0.11930621010068439,3.586593168101135,-4.263256414560601e-14,7.332801033044234e-12
31.584779808022,1.0271050744349,10.89807500327601,615.9485235596852,3.475347789186412,0.2528980463668232,3.4845372257530896,0.0,-3.665529495125113
32.113562045125,2.0494280696589,10.823480487534768,547.5008708754542,3.4035982056356233,0.5798556900516126,3.452638609337975,1.4210854715202004e-13,-7.045745558053957
32.547547532094,3.0783309478433,10.747869497658712,478.5792055084817,3.3289765042731,1.016634057848233,3.480751265686664,1.8474111129762605e-13,-10.232739100389297
32.029410779927,3.9663368161296,10.773107215739648,424.742472935667,3.7309749735682622,1.3270221731552516,3.959944709391582,3.126388037344441e-13,-14.12093604463555
32.259125598268,4.9304771575706,10.691408263831088,359.4821010306544,3.72437180962871,2.0891438884282345,4.270300640811379,1.7053025658242404e-13,-17.329469407691313
33.110467502124,5.5634806811586,10.54896455119568,311.09419349031384,3.013286738330255,2.4172374147080986,3.8630213158176696,0.0,-17.201274669733728
33.518381257732,6.7878766789113,10.397531773006754,225.24247787155633,2.3475646393902894,3.145265905827483,3.9247620761616155,1.2789769243681803e-13,-18.901201321289815
32.532559880809,7.0933470680828,10.444620803921156,209.11948111631338,2.7662420141852033,4.041702841897787,4.897699127472824,-2.842170943040401e-14,-23.335610048233505
31.98352481208,7.838412546354,10.376604670100562,158.38318852178546,2.2174287149252403,5.153862728245465,5.610640883836069,8.526512829121202e-14,-27.542277990972774
31.268060177603,8.627975876619,10.264746444102702,102.13448341098295,1.0700788558193282,6.118547402612098,6.211416189218273,-8.526512829121202e-14,-32.574238829608106
30.3,9.0,10.20224225476826,75.01991669753941,0.34462174091552306,6.279400175941068,6.288849713097011,-2.842170943040401e-14,-39.645436002141864
5.8823529411765,10.0,13.0,187.2,0.01866858440508554,-0.4764713256229947,0.4768369115165306,0.5617569895249233,-2.4956073359572883
6.4460214729434,8.9780526418232,12.982683966084098,249.88899463387997,0.06341815803278417,-0.5032787220373957,0.5072586468694894,-5.684341886080801e-13,-2.750808773905475
6.9922365790207,7.9509047765788,12.963326294426013,312.77510271366606,0.1407914332666684,-0.5176838822609828,0.5364874925234379,1.4210854715202004e-13,-2.9318616534483075
7.5666801896901,6.8975346479701,12.941562604056084,377.1473444597654,0.23403635880590623,-0.5166520839068324,0.5671881460753561,1.4210854715202004e-13,-3.034416495241545
8.1929964440441,5.6834382623832,12.91498096080499,451.2482643815196,0.3500635219438521,-0.49211113970799714,0.6039187389214196,8.526512829121202e-14,-2.9870119163094544
8.9348084480399,4.3284134328569,12.88353169073777,533.8393792917664,0.49011692252675737,-0.44082895245022513,0.6592000933445492,-5.684341886080802e-14,-2.733419161681936
9.8809562298565,3.1222851534287,12.849418684862862,606.9731323614916,0.6463171536640137,-0.3670885716612819,0.7432899047913084,2.8421709430404007e-13,-2.390908149791128
10.818327421738,2.0655137072724,12.815341487869606,670.7892535092657,0.7983770667346906,-0.2713073096533743,0.8432162219497681,-2.2737367544323206e-13,-1.8763849319555572
11.436791892361,1.0313095078371,12.790123185709788,733.7499734992557,0.9151911550618689,-0.15008766294274242,0.927416388075546,5.684341886080802e-14,-1.0434102411572304
11.904761904762,0.0,12.772505432911956,797.004339013706,1.0052564725740838,-0.08924303143802696,1.0092100347857915,-2.1316282072803006e-13,8.22808488010196e-12
32.142857142857,0.0,10.839678584326784,676.3959436619913,3.29547858662962,0.15402124374675216,3.2990758794637713,-4.263256414560601e-14,7.290168468898628e-12
32.766554180955,1.0272287471909,10.767739902459354,607.8078960887515,3.1417717727033327,0.30363011218247227,3.156409529319569,1.1368683772161603e-13,-3.288630941871144
33.286571273849,2.0555644107307,10.698181972505084,539.2993358547216,3.007710512536797,0.656066448965851,3.078432346614592,2.2737367544323206e-13,-6.231431862986014
33.697399236037,3.109446500146,10.627936445502153,469.1537725902239,2.8336313821275474,1.0754669201977158,3.030857288988981,-1.1368683772161603e-13,-8.960313034723834
33.262028974254,4.2703732155681,10.619488135651432,396.1847710131999,3.0756333071587867,1.6389994433171682,3.4850881502909625,2.2737367544323206e-13,-13.050042384041213
34.151108013386,5.6304451582223,10.451052230686134,300.80588132174324,2.3739352926715545,2.224314236357336,3.2531742338604457,3.979039320256561e-13,-14.691032540317742
34.73590737986,6.8494145675368,10.312859112415282,216.11893960041726,1.6925848000145916,2.5658331470834774,3.0738157140454496,8.526512829121202e-14,-15.336851938715684
34.065053383996,7.8944747107179,10.24578715218555,146.7218963475813,1.365768110706074,3.2766515145705655,3.549896854862014,2.2737367544323206e-13,-18.565053318889078
32.978277145824,7.9452588710801,10.296563047214567,146.72138059079072,1.7461468441074715,4.080673172709776,4.4385721063940995,2.842170943040401e-14,-22.734453875431893
32.289785517439,8.9302405543048,10.177120898007841,77.80533344706971,0.9252216382653172,4.926026665546169,5.012162586108541,-1.4210854715202004e-13,-26.449122716065695
31.53125,10.0,10.0,0.0,0.2949932606378337,5.596417662039508,5.604186976878046,-6.730996778731068,-29.179277580659516
30.3,10.0,10.0,0.0,-1.3322676295501878e-14,6.067267643047796,6.067267643047796,-3.7351616427512795,-35.910274359390584
4.7058823529412,10.0,13.0,187.2,0.014095923500607836,-0.4196847090666623,0.419921361785399,0.4951238823329902,-1.933850346432365
5.2649656559814,8.9763537426273,12.984861793034414,250.1309023454039,0.04865626854305188,-0.43912874331880963,0.44181612202056475,3.126388037344441e-13,-2.151549336857472
5.8059447431864,7.9526013143686,12.968283543548925,312.97857110085226,0.10959181011540291,-0.448233581007424,0.46143656984152165,-5.684341886080802e-14,-2.3123824046260197
6.3753768066017,6.8954411297422,12.949739760966967,377.78823458842544,0.18459548796395178,-0.4450852639450549,0.4818468494840333,-1.1368683772161603e-13,-2.411530521226872
7.008214069792,5.6829192876569,12.927267437599497,452.047324556418,0.27861923706826935,-0.42230825790299115,0.5059376878209052,3.694822225952521e-13,-2.3978735015704014
7.7467349436566,4.3293145428247,12.90094969911529,534.8700337525328,0.3940723926861129,-0.3775600390582463,0.5457514395501146,-5.684341886080802e-14,-2.213241699687304
8.6909620963567,3.1235197708783,12.872629470325286,608.3444452454919,0.5252608113698103,-0.3143778737683334,0.6121538756521677,-5.684341886080802e-14,-1.954292177402087
9.6283307756851,2.0659784311801,12.844335093032065,672.5694556995627,0.6547478758820271,-0.23279705797233952,0.6949023321104939,-4.831690603168681e-13,-1.5459021757966511
10.248560223287,1.0314684590787,12.823264779102738,735.8080903695,0.7553906900417044,-0.12923428431502745,0.7663658361671009,-2.2737367544323206e-13,-0.8642083259072767
10.714285714286,0.0,12.80865761084843,799.260234916942,0.8332256010959828,-0.07716196076439187,0.8367908164593868,2.842170943040401e-14,8.199663170671556e-12
33.333333333333,0.0,10.71553253137094,668.6492299575466,2.94901408751301,0.17317851104643,2.954094596494576,-1.1368683772161603e-13,7.247535904753022e-12
33.948963593067,1.0286870640851,10.651403715842834,600.4575190696826,2.7682997193944225,0.32352494653702096,2.787140421189973,2.8421709430404007e-13,-2.872141061631705
34.461273222134,2.0598709979108,10.588739685203198,532.2014060870456,2.5945236666537617,0.665840078270965,2.6785996465799746,-2.8421709430404007e-13,-5.367903020577672
34.861931790888,3.1129563843771,10.525766482623581,462.5593501305804,2.3772870445536314,1.0269582542774585,2.5896210047478267,-4.831690603168681e-13,-7.607333774538983
34.471563483924,4.3090415955969,10.506885251399984,386.7454441221124,2.4432213886750103,1.534347703225266,2.885056954112292,3.410605131648481e-13,-10.98802189625295
35.281709962957,5.6524099367991,10.370139691578157,294.38633669821314,1.874567774049997,1.9281069191340159,2.6891635560373093,-2.2737367544323206e-13,-12.21067110279146
35.917721850867,6.8311343490638,10.256048068529552,213.71461609466292,1.3146461158803449,2.1300158039153114,2.503050485892817,1.1368683772161603e-13,-12.485258561819336
35.244722630424,7.8948941906314,10.198174459053124,143.72468874951556,1.0530738242748898,2.649723293004992,2.8513151367160665,-8.526512829121202e-14,-15.054444718250666
34.623226142938,8.945400806405,10.1135038922566,72.88963255713983,0.6205140325501876,3.1790499925044067,3.2390425312789524,2.8421709430404007e-13,-17.286397398915074
33.438668464889,8.9625128467972,10.139436899084696,73.44006086273978,0.7866780750532972,3.9723139745391562,4.049461779803414,-5.684341886080802e-14,-21.348292114347036
32.7625,10.0,10.0,0.0,0.28503453224896175,4.529448702410084,4.538408336888471,-5.62536775400487,-23.553909826654646
3.5294117647059,10.0,13.0,187.2,0.010408161581612832,-0.3775410953351588,0.3776845356833934,0.44532529920317643,-1.4387264640993749
4.0761234276138,8.9645615087187,12.986372264873943,250.96099118408708,0.036166623052557384,-0.390431341759413,0.39210286565017777,-1.1368683772161603e-13,-1.6214704185898166
4.611258335577,7.939754085279,12.971902969964956,314.0060904044037,0.08184376900866903,-0.39368957285942024,0.4021068045977053,-1.9895196601282805e-13,-1.7663050047227398
5.1919997047239,6.9048099765739,12.956245707656056,377.6095896195265,0.1403173351644652,-0.3897099183338269,0.4142013701032565,-4.547473508864641e-13,-1.876848127626516
5.8226301603361,5.6763951687989,12.936897777890215,453.055362807298,0.21717477644467945,-0.3675086801179033,0.4268811467912349,-3.410605131648481e-13,-1.8870890462086145
6.5521638464312,4.3296810637805,12.914919297225572,535.7188657669725,0.3115106239323306,-0.32617571266166784,0.45103155582847726,1.1368683772161603e-13,-1.762912793711972
7.4996181051828,3.1252108693705,12.891419259834697,609.4114035649659,0.4220327398851141,-0.27039834252817546,0.501225395582587,2.2737367544323206e-13,-1.578960440809335
8.4376853302125,2.0665599950052,12.8680312183029,674.0118043337765,0.5319784867547509,-0.1999166297758962,0.5683025331905774,1.1368683772161603e-13,-1.2615717265174815
9.0599602228463,1.0316280655139,12.850526383948537,737.4992550703214,0.618162690001956,-0.11102465286193301,0.6280538072916739,-8.526512829121202e-14,-0.7095308961657164
9.5238095238095,0.0,12.838495010060328,801.1220886277645,0.6850079062779262,-0.06639313873828466,0.6882179019284439,-2.842170943040401e-14,8.22808488010196e-12
34.52380952381,0.0,10.605730266810005,661.7975686489443,2.579570198123438,0.17681656099766033,2.585623039673346,2.842170943040401e-14,7.133849067031406e-12
35.132700946408,1.029826704401,10.549849540383763,594.0494249653244,2.3910789891029385,0.3173000667481698,2.412040228621389,-1.7053025658242404e-13,-2.4543077620778773
35.641506792559,2.0621892160137,10.494678378745144,526.1873237544421,2.203675116506712,0.6296643456286038,2.291868496940164,-4.547473508864641e-13,-4.538824155488164
36.037729848995,3.1162280643897,10.439455656617687,456.96940175502635,1.9803758021485882,0.9310881821274375,2.188335787906655,2.2737367544323206e-13,-6.3717677379296385
35.639985339032,4.3113921581465,10.420408720404572,381.2026334849037,1.9866666088337912,1.376391020638237,2.416877418560719,2.8421709430404007e-13,-9.156033485573941
36.452487739593,5.6355233889659,10.305914658143745,291.4324151966975,1.4979662060835022,1.6416581279072269,2.2223735427447973,5.684341886080802e-14,-10.014531369969037
37.108047510771,6.8191603935584,10.210724056247493,211.63357255179938,1.0397121065600932,1.7691917103677621,2.052082009219328,4.263256414560601e-13,-10.171217114801061
36.434866372774,7.8869943538095,10.161743767032956,141.94436338514362,0.8199371302807887,2.1652470882640604,2.315295197345057,0.0,-12.241727006771853
35.82811916081,8.9435499906607,10.091630552921268,71.64022708505951,0.4807061473496433,2.5620121476238706,2.6067191342129696,1.9895196601282805e-13,-14.02498630702344
35.225,10.0,10.0,0.0,0.18303042418138846,2.915453733372345,2.9211933533422196,-3.5903857814583517,-15.459596252391492
33.99375,10.0,10.0,0.0,0.23651280733481406,3.637708415299207,3.645388980996687,-4.503927792804802,-19.049982033849844
2.3529411764706,10.0,13.0,187.2,0.0067430347016163815,-0.3476896037394371,0.34775498424246054,0.4106222187817252,-0.9934011648961985
2.8960551093263,8.9548692045164,12.987478261966944,251.63480518491386,0.025330130408351248,-0.35548751658867483,0.3563888185071011,2.842170943040401e-14,-1.147141463823637
3.3446189637759,7.8800529678296,12.97410173135004,317.86864284367545,0.05843073667891035,-0.35165972712714466,0.35648101586476943,1.2789769243681803e-13,-1.24576409196739
3.8729079716923,6.8987603107166,12.961411820986614,378.3094542408488,0.09962456036176377,-0.34477091882366045,0.35887607818547307,-1.7053025658242404e-13,-1.3477527291257452
4.6468768615332,5.8084475750927,12.945812411237602,445.3715657754419,0.15741115844668152,-0.3290792121539901,0.3647895292842396,-1.1368683772161603e-13,-1.470522634518959
5.3151256504228,4.3531924846389,12.92640331607723,534.9683558817518,0.2342394982790043,-0.2829497802799456,0.3673264497888345,-2.2737367544323206e-13,-1.3658358335813476
6.3048905835486,3.1334406276435,12.906494894481952,609.8385862507193,0.33345442843542566,-0.23403704933746042,0.40738826235641756,1.1368683772161603e-13,-1.2560696162303124
7.2461618663237,2.0683626456455,12.887201110882753,675.0955202308046,0.4267382972443883,-0.17249455160338575,0.4602824618295737,-5.684341886080802e-14,-1.0168632906362678
7.8709146524622,1.0320379574735,12.872739549073483,738.8597793158389,0.5003177529020542,-0.09555216726273057,0.5093604524671755,5.684341886080802e-14,-0.5762611458164363
8.3333333333333,0.0,12.862901749978898,802.6450691986832,0.557620603937892,-0.057102798091422304,0.560536767291789,9.947598300641403e-14,8.128608897095546e-12
35.714285714286,0.0,10.510569092099407,655.859511347003,2.216676438602144,0.16883516903474885,2.2230968822246315,-8.526512829121202e-14,7.16227077646181e-12
36.317798434726,1.0305987160182,10.462707496211523,588.5635878840633,2.034849147919958,0.29464947100211897,2.056071342524964,1.9895196601282805e-13,-2.064989164748366
36.82545916967,2.0638555372237,10.41498322316197,521.110367602548,1.851712026336237,0.5704191184008238,1.9375797787743931,-4.263256414560601e-13,-3.7903594458005436
37.21991308233,3.1190054960672,10.36733452884538,452.29573164535844,1.6408975242089674,0.8211823323456052,1.8349073840147045,1.1368683772161603e-13,-5.2866074208328255
36.815776970973,4.309998396049,10.349567855060217,376.86913424229994,1.6226431561325274,1.200268686714202,2.018320027262863,1.7053025658242404e-13,-7.5695433418035645
37.635635334434,5.6272349882514,10.253573385533569,288.68351599040733,1.2047162039640762,1.3890760225508811,1.8387151297901994,2.842170943040401e-14,-8.192597330944105
38.304338402762,6.8119539435807,10.174326750898828,209.8120631766512,0.8290578670397662,1.4741535886828319,1.6912911487756914,-2.2737367544323206e-13,-8.277103589788315
37.636759954595,7.8823973489125,10.132747153442546,140.42182780267487,0.6456615347810507,1.7814813528583813,1.8948758872490699,-8.526512829121202e-14,-9.953046881467522
37.038735475386,8.9409150015643,10.074656630525046,70.74547764715062,0.3748036051367427,2.0839581851525897,2.1173944979356056,2.2737367544323206e-13,-11.398521534660825
36.45625,10.0,10.0,0.0,0.14191311605216847,2.3552273086002895,2.359498889104252,-2.8930245911957684,-12.566571661195724
1.1764705882353,10.0,13.0,187.2,0.0025140529073149065,-0.33020295784429665,0.3302125282770827,0.39195813131681234,-0.5827789461144732
1.6219102654796,8.9585011558627,12.988379664086239,251.46441891314876,0.01317238267724674,-0.3329296491621747,0.33319013034098804,-3.410605131648481e-13,-0.6681134548564062
2.144184566649,7.8600785652711,12.975834546921572,319.22317325498943,0.035368697186226435,-0.32545126379291595,0.3273674844040824,1.5631940186722204e-13,-0.7938695492680542
2.3560358995122,6.6628878087089,12.96290106029082,393.12082689871175,0.06274317522168475,-0.30308204947495904,0.3095083758977139,2.2737367544323206e-13,-0.7803983578470722
3.3080546717233,5.8871002755834,12.95253399134472,440.88306386350644,0.11144834707635172,-0.29402722208839793,0.31444036222322197,-2.842170943040401e-14,-1.0192400445264937
4.1686448228251,4.949368973818,12.939688280215638,498.5959247192126,0.16350927519705788,-0.27886301265346025,0.3232643854519565,-1.7053025658242404e-13,-1.1453928204510397
4.1822585518787,3.9511786877242,12.931083515427833,560.3460612487067,0.18541422768493968,-0.2297729907011499,0.29525254119779115,0.0,-0.9494756689086458
5.1389897906887,3.1053487167712,12.917748771443396,612.293763411545,0.25854239190993167,-0.20345960310393263,0.32899844757949614,0.0,-0.9659670440280653
6.0593384063361,2.0657999392122,12.902377245367134,676.2024239040679,0.3359569278332552,-0.1501478033950672,0.36798290751544804,-2.842170943040401e-14,-0.8026686605177366
6.6817238088072,1.0314986581533,12.890600489647502,740.0079542852382,0.39868228520607824,-0.08268827602693439,0.40716693815859756,-1.4210854715202004e-13,-0.4602419675619087
7.1428571428571,0.0,12.882639000922829,803.8766736575845,0.4479163233958827,-0.049281858162011694,0.4506192786692394,1.7053025658242404e-13,7.958078640513122e-12
36.904761904762,0.0,10.429375140064938,650.7930087400521,1.8791173702892248,0.15426253366147635,1.8854386812130353,-7.105427357601002e-14,7.077005648170598e-12
37.504141466306,1.0311596318764,10.388898122461514,583.922881812511,1.7121981866526623,0.26430835052450885,1.73247843696066,2.5579538487363607e-13,-1.718203365782048
38.012174214679,2.0652764411586,10.348139306940165,516.8506428247697,1.5430967822618584,0.5035312348395827,1.6231732451854843,-2.8421709430404007e-13,-3.136493514045401
38.406414374568,3.1214029321434,10.307485072856643,448.41152558050635,1.3530979972503898,0.71259735837703,1.5292708018297274,4.263256414560601e-14,-4.353552622131284
37.998086287768,4.3094366465316,10.29138945498885,373.27385524773246,1.3252430913801396,1.0325389678452168,1.6800017771924096,-1.1368683772161603e-13,-6.222148389252584
38.825867141372,5.6220526878567,10.211060234684254,286.3540709220394,0.9723848518862513,1.1728968740578385,1.5235548488165749,1.9895196601282805e-13,-6.679066563933702
39.506261479409,6.8070535182712,10.145013672344936,208.2887136142011,0.6639365366350325,1.2326477521354193,1.4000829280879843,-2.2737367544323206e-13,-6.712924455849349
38.844406269801,7.8793241614605,10.10965760398157,139.17280681331485,0.5123457543429427,1.474843134395902,1.5613008816586147,1.9895196601282805e-13,-8.077823983894678
38.254049665699,8.9394399679791,10.061259946138728,70.0015666371608,0.2948686951880113,1.7089259562539445,1.7341786157603083,3.126388037344441e-13,-9.257333151674631
37.6875,10.0,10.0,0.0,0.11100530214117414,1.9194528915251088,1.9226600271206438,-2.3531487616802025,-10.213422899515521
0.0,10.0,13.0,187.2,-1.9984014443252818e-14,-0.3243953851698156,0.3243953851698156,0.1908208148057895,-0.1908208147976609
0.0,8.75,12.986483525617924,264.3565719985585,0.006003180249289643,-0.3217672243693113,0.3218232198761242,-1.4210854715202004e-14,8.128608897095546e-12
1.0222463829633,7.9962116034616,12.978273311450835,310.8806505785282,0.01541330333643968,-0.31421709319444585,0.3145949007458769,-5.684341886080802e-14,-0.38641583690914
1.108046277492,6.8769242659103,12.966857994881343,380.0118646877931,0.025266113160574106,-0.2945513274466329,0.29563298357053547,2.5579538487363607e-13,-0.37402418312608127
1.0918169218761,5.6892406037652,12.955919070738712,453.4407363391471,0.03394021388489852,-0.2592909302597142,0.26150281955172233,-1.4210854715202004e-13,-0.31759163344338565
2.1381250247143,5.3496173464126,12.951104503770539,474.33279861913536,0.07644940817657862,-0.2560305439870579,0.267200582830311,1.7053025658242404e-13,-0.6001753982819125
3.1610204063232,4.7345440084206,12.942575305205386,512.1811529193706,0.12504081603114411,-0.24733939535463934,0.27714974683036064,-2.842170943040401e-14,-0.8176589935427991
3.0774334415953,3.5405900839633,12.934077464745535,586.1536125608114,0.13653654904355908,-0.18809714842500144,0.23242798125514327,3.126388037344441e-13,-0.6150200084829717
3.9295801876594,2.9134735780915,12.9257179427167,624.7640483526125,0.1948953547309126,-0.1695674601558069,0.2583356786032069,2.2737367544323206e-13,-0.6676978267818728
4.8832118095235,2.0642191522198,12.914096697503387,677.0323588256958,0.2582998608534119,-0.1302472883038567,0.2892804421792111,-2.2737367544323206e-13,-0.616565025425865
5.4921012577555,1.031701233862,12.904702401451988,740.8752728576153,0.3105529041099554,-0.07212335292717144,0.3188179485044474,1.4210854715202004e-13,-0.3591231033522075
5.952380952381,0.0,12.898344334203975,804.856686454328,0.35289454296822137,-0.04287783155070427,0.3554898970368081,-1.8474111129762605e-13,8.142819751810748e-12
38.095238095238,0.0,10.360929425474598,646.5219961496149,1.5759058161364905,0.13706501712390398,1.5818552273365583,-8.526512829121202e-14,7.005951374594588e-12
38.691538383474,1.0316450904472,10.327025052715902,580.0317096455669,1.4273082782946032,0.23212421500030256,1.4460603626674133,3.126388037344441e-13,-1.4172846924049576
39.201136538683,2.0664881481212,10.292534013993597,513.3052620304376,1.2763960105114698,0.43777082933581696,1.3493813673928379,2.842170943040401e-14,-2.575210232670434
39.596246555373,3.1235585167708,10.258105064321073,445.19570456713706,1.1098600864206853,0.6130597340671851,1.2679241495311377,-3.126388037344441e-13,-3.560102668409404
39.185293191425,4.3095968376461,10.243698581084892,370.28794879058063,1.0807144340218102,0.8821285521477482,1.3950248995689518,1.1368683772161603e-13,-5.086381639796057
40.020857118373,5.6185269764385,10.17656495798154,284.42157004828573,0.7850139163092723,0.9908432640201615,1.264127059536876,2.842170943040401e-14,-5.418281423885453
40.71235886446,6.8034408543653,10.121414945911258,207.04158331246776,0.5317580768856773,1.0356694082022873,1.1642069298106887,-5.684341886080802e-14,-5.4123037139149215
40.056043951454,7.8771454048849,10.091206348212326,138.15740286363138,0.40815563748771916,1.2287291168978156,1.2947456380021105,-1.4210854715202004e-13,-6.528331295108472
39.472026164304,8.9384298971546,10.050646759445922,69.40233220697843,0.23355871579180035,1.4123409889949439,1.431522526164898,-8.526512829121202e-14,-7.496210576055416
38.91875,10.0,10.0,0.0,0.08757136559877397,1.5774457391200396,1.5798746165252489,-1.9312086324056281,-8.282214267109893
0.0,7.5,12.973465678120801,341.544258314738,0.011595663983086708,-0.3018841617068034,0.30210677998454133,-1.4210854715202004e-14,8.114398042380344e-12
0.0,6.25,12.961473553039813,418.7959497096843,0.01695319885484491,-0.2721059345449643,0.2726335462961231,1.7053025658242404e-13,8.100187187665142e-12
0.0,5.0,12.950971367140333,496.1406133095568,0.0215403108005905,-0.2316132384885828,0.23261271941266493,-2.5579538487363607e-13,8.270717444247566e-12
1.0716716481376,4.4381841512176,12.946084861597209,530.8930043276875,0.04127233479928604,-0.21434277503457577,0.21828016590910665,3.694822225952521e-13,-0.25438377898067344
2.1252180058249,4.1184917974087,12.941570224335225,550.5600938402151,0.08850646409486236,-0.20602893607013048,0.22423495865891444,-1.8474111129762605e-13,-0.4777156948022729
2.0406670350557,2.9438589664014,12.934750607937811,623.431638431872,0.09426766139244877,-0.1541329374728288,0.18067471986529918,1.4210854715202004e-13,-0.3361161296972202
2.6513869583847,2.1783156693078,12.92904792514565,670.8456927642818,0.13146136148277296,-0.11839795366860044,0.17691852643467376,-1.9895196601282805e-13,-0.32938916785119515
3.7675537109084,1.9241337880837,12.92200774365127,686.2673348274163,0.19618746721270014,-0.11043695942798817,0.22513516895197294,-1.9895196601282805e-13,-0.4296757235916586
4.30745993278,1.0124687021414,12.915434450275319,742.7450626835565,0.2321558535643955,-0.06349490410802784,0.2406822452776704,-8.526512829121202e-14,-0.2643940321658847
4.7619047619048,0.0,12.910538402323743,805.6175963050016,0.269321230045682,-0.03773545446125998,0.27195199847899076,9.947598300641403e-14,8.043343768804334e-12
39.285714285714,0.0,10.303799493283545,642.9570883808932,1.309349957840762,0.11976071631631557,1.3148155540874173,-1.7053025658242404e-13,6.920686246303376e-12
39.879869869188,1.0320697607504,10.27562335676598,576.7977443913722,1.1794800007044444,0.20142846975149178,1.1965561000171214,-2.8421709430404007e-13,-1.15975666070413
40.392017031098,2.0675831824342,10.246638402130225,510.37304570903194,1.0475447843747403,0.3776532835695074,1.1135403350851516,1.4210854715202004e-13,-2.0976304152552094
40.788884120418,3.1255862079533,10.217620637052892,442.54294837581455,0.9040894656333512,0.5258479169685841,1.0458937774216832,8.526512829121202e-14,-2.8882274290751186
40.376332946942,4.3101297849637,10.20474131134025,367.82375924589667,0.8780263556606577,0.7519878262861087,1.1560345894986197,3.410605131648481e-13,-4.130704444396224
41.219546841891,5.6159651491322,10.148658652743443,282.8400746253415,0.6315295979880552,0.839693521778785,1.0506735190591858,2.2737367544323206e-13,-4.362989368449604
41.921976664513,6.8004766628976,10.102485976045138,206.04538114040636,0.4239187207581192,0.8760830762556795,0.9732567175780575,-2.842170943040401e-14,-4.322123581935926
41.270626995433,7.8754405242364,10.07646116163053,137.34368777339367,0.32489309191725,1.0312795535058485,1.0812460583302825,-1.4210854715202004e-13,-5.2370013507801785
40.691894031445,8.9376862300559,10.042208523281655,68.92219109728705,0.1854721578439804,1.176697418217284,1.191224888664825,2.842170943040401e-14,-6.034490060351974
40.15,10.0,10.0,0.0,0.0694371771235127,1.307166008331661,1.3090089743407454,-1.5987133671814604,-6.683500899928433
0.0,3.75,12.942356560803796,573.6030493941569,0.02580433225850272,-0.18167062527613656,0.18349408614865392,8.526512829121202e-14,8.01492205937393e-12
1.0568415309128,3.1904663985911,12.938338833786812,608.2672399562124,0.04707838991566015,-0.15955260202538532,0.16635326149529478,1.7053025658242404e-13,-0.18543477189745233
1.1723651691746,1.7976942137865,12.93227581531318,694.7978919352648,0.0632603751029113,-0.09296949623388229,0.1124508883386116,-1.4210854715202004e-13,-0.11641407196996144
1.9983651282807,1.0306664231123,12.928305139965875,742.412655931663,0.10685593531459654,-0.0538081267770917,0.11963906309904308,0.0,-0.11668019434288758
3.0957978559549,1.0251739604366,12.923444404412498,742.452075704096,0.16493449674478536,-0.05914429288903963,0.17521825132616783,-5.684341886080802e-14,-0.18727822249956644
3.5714285714286,0.0,12.919606712084827,806.1834588340931,0.19488113692139886,-0.03396172581151191,0.1978182406854164,1.4210854715202004e-13,7.901235221652314e-12
40.476190476191,0.0,10.256547875654224,640.0085874408236,1.0778660331410213,0.10373048673338418,1.0828458797433298,1.4210854715202004e-13,6.750155989720952e-12
41.069055366737,1.032467278895,10.233304850768343,574.1322644848966,0.9654854339540359,0.17388769227868117,0.9810193946622148,3.126388037344441e-13,-0.940707058883954
41.584692706469,2.0686072833758,10.209085507187691,507.965841165862,0.8515350461836054,0.3251389856374963,0.9114972818721376,0.0,-1.6922390822145028
41.983752267046,3.1276195206673,10.184709136996121,440.3623920589184,0.72924855966157,0.4518291468363353,0.8578770539531437,1.4210854715202004e-13,-2.319014186745106
41.570658170852,4.3109308764894,10.1730940924158,365.79898467380735,0.7085310142519349,0.6422210247215603,0.9562761331076326,-5.684341886080802e-14,-3.324885468034677
42.421042669721,5.6135559050449,10.12624532039835,281.5918195180553,0.5039640002397784,0.7159466988629076,0.8755337738490585,1.9895196601282805e-13,-3.473869033156257
43.135640775506,6.798339761332,10.087406702011545,205.23777709840365,0.334130106521972,0.7481896829861056,0.8194087684490773,4.547473508864641e-13,-3.3991652838860706
42.487630724481,7.8740029047016,10.064728055124796,136.70124938640743,0.256891770462788,0.8736632585443335,0.9106485991104409,-1.7053025658242404e-13,-4.150361032607166
41.913179037974,8.9370902762195,10.03550477011633,68.54106441916214,0.1468708988595511,0.9895474377576035,1.0003875211658984,0.0,-4.809435632956863
41.38125,10.0,10.0,0.0,0.05506742770127402,1.0929520740514638,1.0943384566792083,-1.335817916262826,-5.347682983665607
0.0,2.5,12.936030335916044,651.2082929611611,0.03111320876047144,-0.1243242845691321,0.12815833758674935,-5.684341886080802e-14,8.100187187665142e-12
0.0,1.25,12.932192640940535,728.9688207946893,0.03197670880925609,-0.05901700098850137,0.06712314289385389,8.526512829121202e-14,8.043343768804334e-12
1.1904761904762,0.0,12.92933106222838,806.7902582830509,0.06039497351099159,-0.04286247183637051,0.07405905965725618,-5.684341886080802e-14,8.071765478234738e-12
2.3809523809524,0.0,12.925877122329304,806.5747324333486,0.12594073551661908,-0.03291521888988952,0.1301709664135453,-1.1368683772161603e-13,8.01492205937393e-12
41.666666666667,0.0,10.217845718127595,637.593572811162,0.8778911611309158,0.08963065174844038,0.8824548399349611,-3.552713678800501e-13,6.892264536872972e-12
42.259098644585,1.0328033579775,10.198827757853843,571.9599225522838,0.7809834673114667,0.15020226168778658,0.7952961056298259,2.842170943040401e-14,-0.7543856483474877
42.779016525768,2.0695690504216,10.178702256229148,506.0099120423909,0.6830999196960166,0.2806942144272862,0.738521998522492,-2.842170943040401e-14,-1.34727767750174
43.180795464825,3.1299012873054,10.1582695706437,438.5701808803099,0.5798460133972284,0.39049795832657597,0.69907800330856,8.526512829121202e-14,-1.8344256461420088
42.768915557861,4.3115377370335,10.147602485216957,364.1704402866477,0.5651963283359303,0.5517617412486112,0.789865753574692,1.4210854715202004e-13,-2.640971183024753
43.622245142456,5.6138349102945,10.108432272568656,280.4628754059073,0.3968098788873223,0.6156438203604432,0.7324448057912439,-5.684341886080802e-14,-2.7213775575391668
44.361137925683,6.7960728297354,10.075537304042346,204.63858319675342,0.25942643176561814,0.6464782487457259,0.69658897464716,-2.2737367544323206e-13,-2.60350288723956
43.707403904934,7.8723406858351,10.0554981652658,136.22902671647563,0.20006473082492915,0.7490851484530673,0.7753415093705517,1.7053025658242404e-13,-3.224885057795331
43.135663179417,8.9365108128578,10.030215759937809,68.2471886977925,0.11516515817506491,0.8418652229967454,0.8497058710806037,-3.694822225952521e-13,-3.770910735286236
42.6125,10.0,10.0,0.0,0.04340924406457745,0.923626295636185,0.9246458221724032,-1.128487270684417,-4.21919571298119
0.0,0.0,12.930692098476728,806.8751869449478,0.03429811345834249,-0.03601301913139113,0.04973226451469184,-5.684341886080802e-14,8.128608897095546e-12
42.857142857143,0.0,10.186526054331171,635.6392257902651,0.7050395533288657,0.07769491311999926,0.7093075999049289,-7.105427357601002e-14,6.536993168992922e-12
43.45029340385,1.0333784877773,10.171121299854683,570.1951514736287,0.6213273260810226,0.13049147169682565,0.6348824066869366,-5.400124791776761e-13,-0.595290809061352
43.981773789874,2.0684505158194,10.15439553635556,504.5629692814564,0.5374769063244387,0.24394571946114882,0.59024650687277,-1.4210854715202004e-13,-1.0490399920707119
44.360290380635,3.1311118329226,10.137725991983102,437.2127235253753,0.4518810245065181,0.33820893293661647,0.5644304586281513,-1.9895196601282805e-13,-1.4235139379098525
43.983730458426,4.3124494523439,10.127159147969872,362.8378850070606,0.4423566631291455,0.47806333799937994,0.6513247826959002,8.526512829121202e-14,-2.0496799144362554
44.781909045343,5.5504356007326,10.096203641770977,283.65592576079473,0.3089730505200457,0.5317138389655917,0.6149666271393838,0.0,-2.0784870245519125
45.618756958992,6.6810786496574,10.068473999810394,211.37346984954678,0.1952647734739056,0.5572809864860221,0.5905001521241545,-2.5579538487363607e-13,-1.8820604200594364
44.933896344032,7.8599154357694,10.0486086637666,136.5744574270253,0.15349888079352497,0.6517252352062106,0.6695578306684609,1.1368683772161603e-13,-2.422132287045559
44.359239804445,8.9345858100236,10.026138011212861,68.11285735420988,0.08876796664501331,0.7270112443811046,0.7324104732722304,-2.842170943040401e-14,-2.8781651804424735
43.84375,10.0,10.0,0.0,0.03373812027943998,0.7911068002272649,0.7918258837180125,-0.9666904648598091,-3.2525052481213805
44.047619047619,0.0,10.16160128761171,634.0839203469707,0.554618065567069,0.06803319293081365,0.5587751909254016,-9.947598300641403e-14,6.465938895416912e-12
44.641004327871,1.0312746289639,10.149339927348821,568.9672746192191,0.48104846609737795,0.11501847037643183,0.4946077994354459,2.2737367544323206e-13,-0.45688553670708
45.192868838847,2.0506980970277,10.135546953789158,504.4945686619149,0.40584740764555544,0.2148680563319361,0.45921715987589323,0.0,-0.7827656795224345
45.482784393016,3.0230272855803,10.123664054517391,443.0797343816745,0.3514261421845991,0.2984666086969787,0.4610668605721143,-2.8421709430404007e-13,-1.0470934786827903
45.257310032854,4.2088090057651,10.112179466098956,368.3703167248326,0.32510301808496,0.40642953636112533,0.520458394489578,2.3447910280083306e-13,-1.4865607787552293
45.79786538439,5.3059790377192,10.09096725964541,298.5832650481955,0.2443713008036767,0.4758540988201537,0.5349340669843543,2.842170943040401e-14,-1.5457026355450174
46.647661485502,5.8376187651317,10.076587113878555,264.5116249618037,0.1759150546906159,0.47117751637435906,0.5029456813648088,1.1368683772161603e-13,-1.269934659564449
46.859831800945,6.8873078684912,10.058211935156143,197.86441375989244,0.1263134660875202,0.5140528147006084,0.5293443000700594,-1.1368683772161603e-13,-1.295853281676369
46.13446986559,7.8720422893619,10.04304094590546,135.47031616831813,0.10936437777755226,0.5820785498069757,0.5922634593422619,-1.1368683772161603e-13,-1.7371099154296035
45.580344511906,8.9361382863465,10.022961052357157,67.81774059906502,0.06646861958247743,0.6399978194222719,0.64344019633099,-8.526512829121202e-14,-2.100301697431402
45.075,10.0,10.0,0.0,0.02572715439676596,0.6892073980491674,0.6896874103527325,-0.842350543237643,-2.4101547048837375
45.238095238095,0.0,10.142280039026145,632.8782744352314,0.42266913925475086,0.06036503055292064,0.42695800518552995,5.684341886080802e-14,6.366462912410498e-12
45.853838219419,1.0575614720361,10.132420915077974,566.2712292458128,0.35788465644384626,0.10406288515526002,0.37270700474335966,-5.684341886080802e-14,-0.3459834812350572
46.545110750247,2.2324776104387,10.118983516172534,492.11796851779127,0.28076312773847856,0.20800181841476778,0.3494176446050532,4.263256414560601e-14,-0.583807905042725
46.411914564851,3.493800274162,10.10937259515661,412.8117128300637,0.26611281233811107,0.31156348538462414,0.409741179667743,1.4210854715202004e-13,-0.9139020233354939
46.786699293021,4.5804629293975,10.093582401636144,344.0186550676914,0.20963608787720925,0.3911126785116518,0.44375265253631974,-1.7053025658242404e-13,-1.019404141804571
47.761493399601,5.8554818468529,10.070927458173518,263.04380614640655,0.11171669266858542,0.4419593203997286,0.45586035176246364,2.1316282072803006e-13,-0.8242369300621731
47.951598706636,7.0921004334285,10.051146146160807,184.64445247449598,0.07475726799424649,0.49003260085407757,0.4957021273080995,-5.684341886080802e-14,-0.8246831921127925
47.392739679371,7.9475406795382,10.037838858541713,130.43460636981922,0.06768357454562242,0.5356926043542304,0.5399515095108919,1.4210854715202004e-13,-1.0996673475725023
46.79256111154,8.9377032311924,10.020672510794244,67.57728304715508,0.04579258676288885,0.577248844308956,0.5790623362458156,5.684341886080802e-14,-1.413329206789883
46.30625,10.0,10.0,0.0,0.018616752804631334,0.6135540786187373,0.6138364528721608,-0.7503536069534249,-1.6598010979303126
46.428571428571,0.0,10.12785928620199,631.9784194590042,0.30507675185755634,0.055520003874358737,0.31008756078592675,-4.263256414560601e-14,6.423306331271306e-12
47.035592383559,1.0631990829135,10.120531579299582,565.1775477744915,0.24273439384678952,0.0957713815522495,0.2609447134559252,-5.684341886080802e-14,-0.237302184343202
47.813263210511,2.1361279396236,10.110219447009978,497.58331006091,0.1660550253502989,0.1773405999549813,0.24294847156646432,-1.4210854715202004e-14,-0.33905349410778696
47.668073184245,3.4105252963475,10.10114825582866,417.49487267162436,0.1665489629373637,0.2887053640384706,0.3333006814875979,-1.6342482922482304e-13,-0.5639901229863576
47.963455457982,4.6811882594652,10.085938430215622,337.2564106548263,0.1215846657331711,0.3662232845826023,0.3858786403934748,-2.2737367544323206e-13,-0.6353371127604535
48.925605238105,5.5607704562793,10.071775775150861,281.4867318975854,0.05810042970138388,0.39956042334889325,0.40376254387725496,-2.8421709430404007e-13,-0.37301849019252353
48.930501939133,6.7882579641871,10.054012585652822,203.7830883794611,0.044373451181081595,0.46148735856612016,0.46361577333612647,1.4210854715202004e-13,-0.41445051855301207
48.82485730051,8.1927247326021,10.03139061937243,114.73275133446863,0.031182637505657997,0.5070255593227105,0.5079835378123161,-1.4210854715202004e-14,-0.4654896785760635
47.96092690372,8.9711232426139,10.018628712183773,65.36434130116012,0.028660627273234908,0.5410195870629172,0.5417782065951202,0.0,-0.811241866012361
47.5375,10.0,10.0,0.0,0.012170512760573045,0.5617281836041682,0.561860012490739,-0.6868329395039154,-0.9729681584263972
47.619047619048,0.0,10.117931926105447,631.3589521889799,0.19549726945960785,0.05355966582045744,0.2027013077633235,8.526512829121202e-14,6.3806737671257e-12
48.337833238723,1.0335806517968,10.112236278605522,566.5081111128642,0.1299387113972272,0.08898294936275358,0.15748661529433627,1.9895196601282805e-13,-0.12156456057008673
48.96376880556,1.9815350609649,10.106351364759298,506.98853735677045,0.0780116300473991,0.16305289654779304,0.18075414655071556,-5.684341886080802e-14,-0.14298312851799833
48.886358690278,3.0941329042954,10.098892683071673,437.0970101956395,0.07971628471725907,0.2437264642017636,0.25643181433164,-5.684341886080802e-14,-0.24042989684795707
48.922272235441,4.2864570608766,10.087333461390458,361.9746873920647,0.07035701441544694,0.32928747651010987,0.33671998999740355,-1.9895196601282805e-13,-0.3105524363760057
50.0,5.0,10.077892334522902,316.8604816742291,0.034374352186188305,0.36534747400548856,0.366960996361209,5.684341886080802e-14,-4.263256414560601e-14
50.0,6.25,10.061212962086309,237.81968883418565,0.027733134163735223,0.43081938043626544,0.4317110900706992,-4.263256414560601e-14,1.4210854715202004e-14
50.0,7.5,10.042126143735832,158.6286713691159,0.019300858150812977,0.4792316951367177,0.47962020469218114,0.0,-2.842170943040401e-14
50.0,8.75,10.021478303004356,79.34024610747181,0.007970917121168018,0.5107601132693613,0.510822306508519,-8.526512829121202e-14,-2.842170943040401e-14
48.76875,10.0,10.0,0.0,0.008236212427526202,0.5254550213883267,0.5255195664267489,-0.6556262315369281,-0.31734192688946905
48.809523809524,0.0,10.112197964559352,631.0011529885036,0.09003911233042282,0.05055074393354012,0.10325899215799485,0.0,0.0
50.0,1.25,10.107896695318868,552.7327537878973,0.06060159058832369,0.09474899197437751,0.11247188209501723,0.0,-5.684341886080802e-14
50.0,2.5,10.101855096915148,474.3557580475053,0.045796192753969935,0.19789208594483224,0.20312205431797808,-9.947598300641403e-14,-5.684341886080802e-14
50.0,3.75,10.091622762089457,395.7172603543821,0.040280332500993034,0.28839808917328663,0.29119746397452284,1.1368683772161603e-13,-1.5631940186722204e-13
50.0,10.0,10.0,0.0,-1.9984014443252818e-14,0.5154792721045558,0.5154792721045558,-0.31734192688935536,-1.1368683772161603e-13
50.0,0.0,10.11015217657339,630.8734958181795,0.05155385724625693,0.0541315501085499,0.07475309300705815,-5.684341886080802e-14,0.0
# Total Flowrate: 39.645436
